,accuracy,f1_score,precision,recall
CNN1,0.3428,0.32441834791529595,0.3442565697521241,0.3428
